CREATE TABLE ASSINANTE (
    CD_ASSINANTE INT PRIMARY KEY,
    NM_ASSINANTE VARCHAR(100)
);

CREATE TABLE TIPO_ASSINANTE(
    CD_TIPO INT PRIMARY KEY,
    DS_TIPO VARCHAR(200)
);

CREATE TABLE ASS_TIPO(
    CD_ASSINANTE INT,
    CD_TIPO INT,
    FOREIGN KEY (CD_ASSINANTE) REFERENCES ASSINANTE(CD_ASSINANTE),
    FOREIGN KEY (CD_TIPO) REFERENCES TIPO_ASSINANTE(CD_TIPO)
);

CREATE TABLE RAMO_ATIVIDADE(
    CD_RAMO INT PRIMARY KEY,
    DS_TIPO VARCHAR(200)
);

CREATE TABLE ENDERECO(
    CD_ENDERECO INT PRIMARY KEY,
    DS_ENDERECO VARCHAR(200),
    COMPLEMENTO VARCHAR(200),
    BAIRRO VARCHAR(100),
    CEP VARCHAR(20)

);

CREATE TABLE ASS_ENDERECO(
    CD_ASSINANTE INT,
    CD_ENDERECO INT,
    FOREIGN KEY (CD_ASSINANTE) REFERENCES ASSINANTE(CD_ASSINANTE),
    FOREIGN KEY (CD_ENDERECO) REFERENCES ENDERECO(CD_ENDERECO)
);

CREATE TABLE MUNICIPIO(
    CD_MUNICIPIO INT PRIMARY KEY,
    DS_MUNICIPIO VARCHAR(100)
);

CREATE TABLE END_MUNICIPIO(
    CD_MUNICIPIO INT,
    CD_ENDERECO INT,
    FOREIGN KEY (CD_MUNICIPIO) REFERENCES MUNICIPIO(CD_MUNICIPIO),
    FOREIGN KEY (CD_ENDERECO) REFERENCES ENDERECO(CD_ENDERECO)
);

CREATE TABLE TELEFONE(
    CD_FONE INT PRIMARY KEY,
    DDD VARCHAR(3),
    N_FONE VARCHAR(10)
);

CREATE TABLE END_FONE(
    CD_ENDERECO INT,
    CD_FONE INT,
    FOREIGN KEY (CD_ENDERECO) REFERENCES ENDERECO(CD_ENDERECO),
    FOREIGN KEY (CD_FONE) REFERENCES TELEFONE(CD_FONE)
);

INSERT INTO ASSINANTE (CD_ASSINANTE, NM_ASSINANTE) VALUES
(1, 'PEDRO PEDIGRUT'),
(2, 'ALMOFADINHAS BLACK');

INSERT INTO TIPO_ASSINANTE (CD_TIPO, DS_TIPO) VALUES
(1, 'TRAIDOR'),
(2, 'CARA LEGAL');

INSERT INTO ASS_TIPO (CD_ASSINANTE, CD_TIPO) VALUES
(1, 1),
(2, 2);

-- Inserindo dados na tabela RAMO_ATIVIDADE
INSERT INTO RAMO_ATIVIDADE (CD_RAMO, DS_TIPO) VALUES
(1, 'COMENSAL DA MORTE'),
(2, 'AUROR');

-- Inserindo dados na tabela ENDERECO
INSERT INTO ENDERECO (CD_ENDERECO, DS_ENDERECO, COMPLEMENTO, BAIRRO, CEP) VALUES
(1, 'Rua A, 123', 'Apto 101', 'Centro', '12345-678'),
(2, 'Avenida B, 456', '', 'Bairro Novo', '54321-987');

-- Inserindo dados na tabela ASS_ENDERECO
INSERT INTO ASS_ENDERECO (CD_ASSINANTE, CD_ENDERECO) VALUES
(1, 1),
(2, 2);

-- Inserindo dados na tabela MUNICIPIO
INSERT INTO MUNICIPIO (CD_MUNICIPIO, DS_MUNICIPIO) VALUES
(1, 'HOLGWARTS'),
(2, 'Rio de Janeiro');

-- Inserindo dados na tabela END_MUNICIPIO
INSERT INTO END_MUNICIPIO (CD_MUNICIPIO, CD_ENDERECO) VALUES
(1, 1),
(2, 2);

-- Inserindo dados na tabela TELEFONE
INSERT INTO TELEFONE (CD_FONE, DDD, N_FONE) VALUES
(1, '11', '999999999'),
(2, '21', '888888888');

-- Inserindo dados na tabela END_FONE
INSERT INTO END_FONE (CD_ENDERECO, CD_FONE) VALUES
(1, 1),
(2, 2);

